mudra,type,description,meaning,image
Pataka,Asamyutha,All fingers straight and joined together,Clouds forest denial blessing stop,images/Pataka.jpg
Pataka,Asamyutha,Flat hand with fingers together,Clouds forest denial blessing stop,images/Pataka.jpg
Pataka,Asamyutha,Hand gesture with all fingers extended,Clouds forest denial blessing stop,images/Pataka.jpg

Tripataka,Asamyutha,Ring finger bent while others remain straight,Crown tree arrow flames,images/Tripataka.jpg
Tripataka,Asamyutha,Hand gesture with bent ring finger,Crown tree arrow flames,images/Tripataka.jpg
Tripataka,Asamyutha,Only ring finger folded in hand,Crown tree arrow flames,images/Tripataka.jpg

Ardhapataka,Asamyutha,Little finger bent and others straight,Leaves knife flag tower,images/Ardhapataka.jpg
Ardhapataka,Asamyutha,Pinky finger folded in hand gesture,Leaves knife flag tower,images/Ardhapataka.jpg
Ardhapataka,Asamyutha,Hand with bent little finger,Leaves knife flag tower,images/Ardhapataka.jpg

Kartarimukha,Asamyutha,Index and middle finger separated,Separation lightning opposition,images/Kartarimukha.jpg
Kartarimukha,Asamyutha,Scissor-like finger gesture,Separation lightning opposition,images/Kartarimukha.jpg
Kartarimukha,Asamyutha,Two fingers split apart hand gesture,Separation lightning opposition,images/Kartarimukha.jpg

Mayura,Asamyutha,Ring finger touching thumb,Peacock creeper tilak,images/Mayura.jpg
Mayura,Asamyutha,Thumb joined with ring finger,Peacock creeper tilak,images/Mayura.jpg
Mayura,Asamyutha,Hand shape with thumb and ring finger touching,Peacock creeper tilak,images/Mayura.jpg

Ardhachandra,Asamyutha,Thumb extended outward while fingers stay together,Moon greeting waist,images/Ardhachandra.jpg
Ardhachandra,Asamyutha,Half moon shaped hand gesture,Moon greeting waist,images/Ardhachandra.jpg
Ardhachandra,Asamyutha,Hand with stretched thumb and joined fingers,Moon greeting waist,images/Ardhachandra.jpg

Arala,Asamyutha,Index finger bent slightly,Drinking poison wind,images/Arala.jpg
Arala,Asamyutha,Hand gesture with bent index finger,Drinking poison wind,images/Arala.jpg
Arala,Asamyutha,Pointing finger curved while others remain straight,Drinking poison wind,images/Arala.jpg

Shukatunda,Asamyutha,Index finger sharply bent,Parrot beak spear,images/Shukatunda.jpg
Shukatunda,Asamyutha,Hand shaped like parrot beak,Parrot beak spear,images/Shukatunda.jpg
Shukatunda,Asamyutha,Sharp curved finger hand gesture,Parrot beak spear,images/Shukatunda.jpg

Mushti,Asamyutha,Closed fist,Strength anger holding hair,images/Mushti.jpg
Mushti,Asamyutha,All fingers folded tightly into fist,Strength anger holding hair,images/Mushti.jpg
Mushti,Asamyutha,Hand forming tight fist gesture,Strength anger holding hair,images/Mushti.jpg

Shikhara,Asamyutha,Thumb raised in closed fist,Bow pillar husband,images/Shikhara.jpg
Shikhara,Asamyutha,Fist with thumb pointing upward,Bow pillar husband,images/Shikhara.jpg
Shikhara,Asamyutha,Closed hand with raised thumb,Bow pillar husband,images/Shikhara.jpg

Hamsasya,Asamyutha,Thumb and index finger touching,Delicate things pearls,images/Hamsasya.jpg
Hamsasya,Asamyutha,Index finger softly touching thumb,Delicate things pearls,images/Hamsasya.jpg
Hamsasya,Asamyutha,Hand gesture for delicate objects,Delicate things pearls,images/Hamsasya.jpg

Suchi,Asamyutha,Only index finger pointing,One truth teaching,images/Suchi.jpg
Suchi,Asamyutha,Index finger extended upward,One truth teaching,images/Suchi.jpg
Suchi,Asamyutha,Hand with pointing finger gesture,One truth teaching,images/Suchi.jpg

Chandrakala,Asamyutha,Thumb and index finger extended,Crescent moon face,images/Chandrakala.jpg
Chandrakala,Asamyutha,Crescent moon shaped hand gesture,Crescent moon face,images/Chandrakala.jpg
Chandrakala,Asamyutha,Hand forming moon shape, Crescent moon face,images/Chandrakala.jpg

Alapadma,Asamyutha,Fingers spread like lotus flower,Lotus beauty full bloom,images/Alapadma.jpg
Alapadma,Asamyutha,Open palm with fingers spread outward,Lotus beauty full bloom,images/Alapadma.jpg
Alapadma,Asamyutha,Hand shaped like blooming flower,Lotus beauty full bloom,images/Alapadma.jpg

Anjali,Samyutha,Both hands joined in namaste,Salutation prayer respect,images/Anjali.jpg
Anjali,Samyutha,Prayer gesture with folded hands,Salutation prayer respect,images/Anjali.jpg
Anjali,Samyutha,Hands joined together for greeting,Salutation prayer respect,images/Anjali.jpg

Kapota,Samyutha,Hands slightly cupped together,Respect polite conversation,images/Kapota.jpg
Kapota,Samyutha,Joined palms with small gap,Respect polite conversation,images/Kapota.jpg
Kapota,Samyutha,Respectful hand gesture,Respect polite conversation,images/Kapota.jpg

Karkata,Samyutha,Fingers interlocked,Stretching yawning crowd,images/Karkata.jpg
Karkata,Samyutha,Hands with interlocked fingers,Stretching yawning crowd,images/Karkata.jpg
Karkata,Samyutha,Joined fingers gesture,Stretching yawning crowd,images/Karkata.jpg

Swastika,Samyutha,Both hands crossed at the wrists,Good luck auspiciousness,images/Swastika.jpg
Swastika,Samyutha,Crossed hands gesture,Good luck auspiciousness,images/Swastika.jpg
Swastika,Samyutha,Hands crossed over each other,Good luck auspiciousness,images/Swastika.jpg

Dola,Samyutha,Hands resting naturally at the sides,Rest position stillness,images/Dola.jpg
Dola,Samyutha,Both hands placed beside body,Rest position stillness,images/Dola.jpg
Dola,Samyutha,Relaxed hand position near body,Rest position stillness,images/Dola.jpg

Pushpaputa,Samyutha,Hands cupped together as if holding flowers,Offering flowers worship,images/Pushpaputa.jpg
Pushpaputa,Samyutha,Both palms joined like offering bowl,Offering flowers worship,images/Pushpaputa.jpg
Pushpaputa,Samyutha,Cupped hands for offering gesture,Offering flowers worship,images/Pushpaputa.jpg

Utsanga,Samyutha,Hands crossed on chest,Embrace modesty,images/Utsanga.jpg
Utsanga,Samyutha,Both arms folded across chest,Embrace modesty,images/Utsanga.jpg
Utsanga,Samyutha,Chest embrace hand gesture,Embrace modesty,images/Utsanga.jpg

Shivalinga,Samyutha,One hand placed over upright fist,Lord Shiva symbol,images/Shivalinga.jpg
Shivalinga,Samyutha,Hand gesture symbolizing Shiva linga,Lord Shiva symbol,images/Shivalinga.jpg
Shivalinga,Samyutha,Vertical fist with supporting palm,Lord Shiva symbol,images/Shivalinga.jpg

Katakavardhana,Samyutha,Hands forming bracelet shape,Marriage union,images/Katakavardhana.jpg
Katakavardhana,Samyutha,Both hands joined in decorative form,Marriage union,images/Katakavardhana.jpg
Katakavardhana,Samyutha,Marriage symbolic hand gesture,Marriage union,images/Katakavardhana.jpg

Garuda,Samyutha,Thumbs interlocked and fingers spread,Eagle flight power,images/Garuda.jpg
Garuda,Samyutha,Hands spread like bird wings,Eagle flight power,images/Garuda.jpg
Garuda,Samyutha,Interlocked thumbs with open fingers,Eagle flight power,images/Garuda.jpg

Nagabandha,Samyutha,Hands intertwined like snake coils,Serpent binding,images/Nagabandha.jpg
Nagabandha,Samyutha,Snake shaped intertwined hands,Serpent binding,images/Nagabandha.jpg
Nagabandha,Samyutha,Both hands twisted together,Serpent binding,images/Nagabandha.jpg

Matsya,Samyutha,Hands shaped like fish,Fish movement water,images/Matsya.jpg
Matsya,Samyutha,Fish shaped hand gesture,Fish movement water,images/Matsya.jpg
Matsya,Samyutha,Two hands together forming fish, Fish movement water,images/Matsya.jpg

Kurma,Samyutha,Hands arranged like tortoise,Tortoise stability,images/Kurma.jpg
Kurma,Samyutha,Tortoise shaped hand gesture,Tortoise stability,images/Kurma.jpg
Kurma,Samyutha,Hands forming turtle shape,Tortoise stability,images/Kurma.jpg

Varaha,Samyutha,Hands shaped like boar,Boar strength,images/Varaha.jpg
Varaha,Samyutha,Boar shaped hand gesture,Boar strength,images/Varaha.jpg
Varaha,Samyutha,Hands forming boar face,Boar strength,images/Varaha.jpg